Model,Precision,Recall
Random Forest,0.48403537462489876,0.9997704391171744
Logistic Regression,0.47368502811694163,1.0
Decision Tree Classifier,0.48882255709081573,0.9989177844095366
